,bicoloring,date,density,frustration_score,threshold
0,"{'IHG': 1, 'III': 1, 'CRH': 1, 'PSON': 1, 'GSK': 1, 'MRO': 1, 'TSCO': 1, 'AZN': 1, 'WPP': 1, 'PRU': 1, 'VOD': 1, 'SVT': 1, 'RIO': 1, 'IAG': 0, 'CCL': 1, 'EVR': 1, 'RBS': 1, 'ADM': 1, 'AHT': 1, 'CNA': 1, 'STAN': 1}",2008-06-30,0.7904761904761904,0.012048192771084338,0.1
1,"{'IHG': 1, 'III': 1, 'CRH': 1, 'PSON': 1, 'GSK': 1, 'MRO': 1, 'TSCO': 1, 'AZN': 1, 'WPP': 1, 'PRU': 1, 'VOD': 1, 'SVT': 1, 'RIO': 1, 'IAG': 1, 'CCL': 1, 'EVR': 1, 'RBS': 1, 'ADM': 1, 'AHT': 1, 'CNA': 1, 'STAN': 1}",2008-11-30,0.9047619047619048,0.02631578947368421,0.1
2,"{'IHG': 1, 'III': 0, 'CRH': 1, 'PSON': 1, 'GSK': 1, 'MRO': 1, 'TSCO': 1, 'AZN': 1, 'WPP': 1, 'PRU': 1, 'VOD': 1, 'SVT': 1, 'RIO': 1, 'IAG': 0, 'CCL': 1, 'EVR': 1, 'RBS': 1, 'ADM': 1, 'AHT': 1, 'CNA': 1, 'STAN': 1}",2009-04-30,0.8,0.02976190476190476,0.1
3,"{'IHG': 1, 'III': 1, 'CRH': 1, 'PSON': 1, 'GSK': 1, 'MRO': 1, 'TSCO': 1, 'AZN': 1, 'WPP': 1, 'PRU': 1, 'VOD': 1, 'SVT': 0, 'RIO': 1, 'IAG': 1, 'CCL': 1, 'EVR': 1, 'RBS': 1, 'ADM': 1, 'AHT': 1, 'CNA': 1, 'STAN': 1}",2009-09-30,0.8476190476190476,0.07865168539325842,0.1
4,"{'IHG': 1, 'III': 1, 'CRH': 1, 'PSON': 1, 'GSK': 1, 'MRO': 1, 'TSCO': 1, 'AZN': 1, 'WPP': 1, 'PRU': 1, 'VOD': 1, 'SVT': 1, 'RIO': 1, 'IAG': 1, 'CCL': 1, 'EVR': 1, 'RBS': 1, 'ADM': 1, 'AHT': 1, 'CNA': 1, 'STAN': 1}",2010-02-28,0.8761904761904762,0.03804347826086957,0.1
5,"{'IHG': 1, 'III': 1, 'CRH': 1, 'PSON': 1, 'GSK': 1, 'MRO': 1, 'TSCO': 1, 'AZN': 1, 'WPP': 1, 'PRU': 1, 'VOD': 1, 'SVT': 1, 'RIO': 1, 'IAG': 1, 'CCL': 1, 'EVR': 1, 'RBS': 1, 'ADM': 1, 'AHT': 1, 'CNA': 1, 'STAN': 1}",2010-07-31,0.861904761904762,0.03867403314917127,0.1
6,"{'IHG': 1, 'III': 0, 'CRH': 1, 'PSON': 0, 'GSK': 1, 'MRO': 1, 'TSCO': 1, 'AZN': 1, 'WPP': 1, 'PRU': 1, 'VOD': 1, 'SVT': 0, 'RIO': 1, 'IAG': 1, 'CCL': 1, 'EVR': 1, 'RBS': 1, 'ADM': 1, 'AHT': 1, 'CNA': 1, 'STAN': 1}",2010-12-31,0.8,0.05357142857142857,0.1
7,"{'IHG': 1, 'III': 0, 'CRH': 1, 'PSON': 1, 'GSK': 1, 'MRO': 1, 'TSCO': 1, 'AZN': 1, 'WPP': 1, 'PRU': 1, 'VOD': 1, 'SVT': 0, 'RIO': 1, 'IAG': 1, 'CCL': 1, 'EVR': 1, 'RBS': 1, 'ADM': 1, 'AHT': 1, 'CNA': 1, 'STAN': 1}",2011-05-31,0.8238095238095238,0.06358381502890173,0.1
8,"{'IHG': 1, 'III': 1, 'CRH': 1, 'PSON': 0, 'GSK': 1, 'MRO': 1, 'TSCO': 1, 'AZN': 1, 'WPP': 1, 'PRU': 1, 'VOD': 1, 'SVT': 1, 'RIO': 1, 'IAG': 1, 'CCL': 1, 'EVR': 1, 'RBS': 1, 'ADM': 1, 'AHT': 1, 'CNA': 1, 'STAN': 1}",2011-10-31,0.9523809523809523,0.02,0.1
9,"{'IHG': 1, 'III': 1, 'CRH': 1, 'PSON': 1, 'GSK': 1, 'MRO': 1, 'TSCO': 1, 'AZN': 1, 'WPP': 1, 'PRU': 1, 'VOD': 1, 'SVT': 1, 'RIO': 1, 'IAG': 1, 'CCL': 1, 'EVR': 1, 'RBS': 1, 'ADM': 1, 'AHT': 1, 'CNA': 1, 'STAN': 1}",2012-03-31,0.819047619047619,0.023255813953488372,0.1
10,"{'IHG': 1, 'III': 1, 'CRH': 1, 'PSON': 1, 'GSK': 1, 'MRO': 1, 'TSCO': 1, 'AZN': 1, 'WPP': 1, 'PRU': 1, 'VOD': 1, 'SVT': 1, 'RIO': 1, 'IAG': 1, 'CCL': 1, 'EVR': 1, 'RBS': 1, 'ADM': 1, 'AHT': 1, 'CNA': 1, 'STAN': 1}",2012-08-31,0.7666666666666667,0.07453416149068323,0.1
11,"{'IHG': 0, 'III': 0, 'CRH': 0, 'PSON': 0, 'GSK': 0, 'MRO': 0, 'TSCO': 0, 'AZN': 0, 'WPP': 0, 'PRU': 0, 'VOD': 0, 'SVT': 0, 'RIO': 0, 'IAG': 0, 'CCL': 0, 'EVR': 0, 'RBS': 0, 'ADM': 0, 'AHT': 0, 'CNA': 0, 'STAN': 0}",2013-01-31,0.861904761904762,0.06629834254143646,0.1
12,"{'IHG': 0, 'III': 1, 'CRH': 0, 'PSON': 0, 'GSK': 0, 'MRO': 0, 'TSCO': 0, 'AZN': 0, 'WPP': 0, 'PRU': 0, 'VOD': 0, 'SVT': 0, 'RIO': 0, 'IAG': 0, 'CCL': 0, 'EVR': 0, 'RBS': 0, 'ADM': 0, 'AHT': 0, 'CNA': 0, 'STAN': 0}",2013-06-30,0.9285714285714286,0.041025641025641026,0.1
13,"{'IHG': 1, 'III': 1, 'CRH': 1, 'PSON': 0, 'GSK': 1, 'MRO': 1, 'TSCO': 1, 'AZN': 1, 'WPP': 1, 'PRU': 1, 'VOD': 1, 'SVT': 1, 'RIO': 1, 'IAG': 1, 'CCL': 1, 'EVR': 1, 'RBS': 1, 'ADM': 1, 'AHT': 1, 'CNA': 1, 'STAN': 1}",2013-11-30,0.7523809523809524,0.06329113924050633,0.1
14,"{'IHG': 0, 'III': 0, 'CRH': 0, 'PSON': 0, 'GSK': 0, 'MRO': 0, 'TSCO': 0, 'AZN': 0, 'WPP': 0, 'PRU': 0, 'VOD': 0, 'SVT': 0, 'RIO': 0, 'IAG': 0, 'CCL': 0, 'EVR': 0, 'RBS': 0, 'ADM': 0, 'AHT': 0, 'CNA': 0, 'STAN': 0}",2014-04-30,0.780952380952381,0.12804878048780488,0.1
15,"{'IHG': 0, 'III': 0, 'CRH': 0, 'PSON': 1, 'GSK': 0, 'MRO': 0, 'TSCO': 0, 'AZN': 0, 'WPP': 0, 'PRU': 0, 'VOD': 0, 'SVT': 0, 'RIO': 0, 'IAG': 1, 'CCL': 0, 'EVR': 0, 'RBS': 0, 'ADM': 0, 'AHT': 0, 'CNA': 0, 'STAN': 0}",2014-09-30,0.7952380952380952,0.09580838323353294,0.1
16,"{'IHG': 1, 'III': 1, 'CRH': 1, 'PSON': 1, 'GSK': 1, 'MRO': 1, 'TSCO': 1, 'AZN': 1, 'WPP': 1, 'PRU': 1, 'VOD': 1, 'SVT': 0, 'RIO': 1, 'IAG': 0, 'CCL': 1, 'EVR': 1, 'RBS': 1, 'ADM': 1, 'AHT': 1, 'CNA': 1, 'STAN': 1}",2015-02-28,0.780952380952381,0.0975609756097561,0.1
17,"{'IHG': 0, 'III': 0, 'CRH': 0, 'PSON': 0, 'GSK': 0, 'MRO': 0, 'TSCO': 0, 'AZN': 0, 'WPP': 0, 'PRU': 0, 'VOD': 0, 'SVT': 0, 'RIO': 0, 'IAG': 1, 'CCL': 0, 'EVR': 0, 'RBS': 0, 'ADM': 0, 'AHT': 0, 'CNA': 0, 'STAN': 0}",2015-07-31,0.8571428571428571,0.044444444444444446,0.1
18,"{'IHG': 0, 'III': 0, 'CRH': 0, 'PSON': 0, 'GSK': 0, 'MRO': 0, 'TSCO': 0, 'AZN': 0, 'WPP': 0, 'PRU': 0, 'VOD': 0, 'SVT': 0, 'RIO': 0, 'IAG': 0, 'CCL': 0, 'EVR': 0, 'RBS': 0, 'ADM': 0, 'AHT': 0, 'CNA': 0, 'STAN': 0}",2015-12-31,0.8952380952380953,0.0425531914893617,0.1
19,"{'IHG': 1, 'III': 1, 'CRH': 1, 'PSON': 0, 'GSK': 1, 'MRO': 1, 'TSCO': 1, 'AZN': 1, 'WPP': 1, 'PRU': 1, 'VOD': 1, 'SVT': 1, 'RIO': 1, 'IAG': 0, 'CCL': 1, 'EVR': 1, 'RBS': 1, 'ADM': 1, 'AHT': 1, 'CNA': 1, 'STAN': 1}",2016-05-31,0.8952380952380953,0.031914893617021274,0.1
20,"{'IHG': 1, 'III': 1, 'CRH': 1, 'PSON': 1, 'GSK': 1, 'MRO': 1, 'TSCO': 1, 'AZN': 1, 'WPP': 1, 'PRU': 1, 'VOD': 1, 'SVT': 1, 'RIO': 1, 'IAG': 1, 'CCL': 1, 'EVR': 1, 'RBS': 1, 'ADM': 1, 'AHT': 1, 'CNA': 1, 'STAN': 1}",2016-10-31,0.7428571428571429,0.038461538461538464,0.1
21,"{'IHG': 1, 'III': 1, 'CRH': 1, 'PSON': 0, 'GSK': 1, 'MRO': 1, 'TSCO': 1, 'AZN': 1, 'WPP': 1, 'PRU': 1, 'VOD': 1, 'SVT': 1, 'RIO': 1, 'IAG': 1, 'CCL': 1, 'EVR': 1, 'RBS': 1, 'ADM': 1, 'AHT': 1, 'CNA': 1, 'STAN': 1}",2017-03-31,0.719047619047619,0.16556291390728478,0.1
22,"{'IHG': 1, 'III': 1, 'CRH': 1, 'PSON': 0, 'GSK': 1, 'MRO': 1, 'TSCO': 1, 'AZN': 1, 'WPP': 1, 'PRU': 1, 'VOD': 1, 'SVT': 0, 'RIO': 1, 'IAG': 1, 'CCL': 1, 'EVR': 1, 'RBS': 1, 'ADM': 1, 'AHT': 1, 'CNA': 1, 'STAN': 1}",2017-08-31,0.7761904761904762,0.147239263803681,0.1
23,"{'IHG': 0, 'III': 0, 'CRH': 0, 'PSON': 0, 'GSK': 0, 'MRO': 0, 'TSCO': 0, 'AZN': 0, 'WPP': 0, 'PRU': 0, 'VOD': 0, 'SVT': 0, 'RIO': 0, 'IAG': 1, 'CCL': 0, 'EVR': 0, 'RBS': 0, 'ADM': 0, 'AHT': 0, 'CNA': 0, 'STAN': 0}",2008-06-30,0.6333333333333333,0.05263157894736842,0.2
24,"{'IHG': 0, 'III': 0, 'CRH': 0, 'PSON': 0, 'GSK': 0, 'MRO': 0, 'TSCO': 0, 'AZN': 0, 'WPP': 0, 'PRU': 0, 'VOD': 0, 'SVT': 0, 'RIO': 0, 'IAG': 0, 'CCL': 0, 'EVR': 0, 'RBS': 0, 'ADM': 0, 'AHT': 0, 'CNA': 0, 'STAN': 0}",2008-11-30,0.8428571428571429,0.01694915254237288,0.2
25,"{'IHG': 0, 'III': 0, 'CRH': 0, 'PSON': 0, 'GSK': 0, 'MRO': 0, 'TSCO': 0, 'AZN': 0, 'WPP': 0, 'PRU': 0, 'VOD': 0, 'SVT': 0, 'RIO': 0, 'IAG': 0, 'CCL': 0, 'EVR': 0, 'RBS': 0, 'ADM': 0, 'AHT': 0, 'CNA': 0, 'STAN': 0}",2009-04-30,0.6428571428571429,0.022222222222222223,0.2
26,"{'IHG': 1, 'III': 1, 'CRH': 1, 'PSON': 1, 'GSK': 1, 'MRO': 1, 'TSCO': 1, 'AZN': 1, 'WPP': 1, 'PRU': 1, 'VOD': 1, 'SVT': 0, 'RIO': 1, 'IAG': 1, 'CCL': 1, 'EVR': 1, 'RBS': 1, 'ADM': 1, 'AHT': 1, 'CNA': 1, 'STAN': 0}",2009-09-30,0.6761904761904762,0.02112676056338028,0.2
27,"{'IHG': 1, 'III': 1, 'CRH': 1, 'PSON': 1, 'GSK': 1, 'MRO': 1, 'TSCO': 1, 'AZN': 1, 'WPP': 1, 'PRU': 1, 'VOD': 1, 'SVT': 1, 'RIO': 1, 'IAG': 1, 'CCL': 1, 'EVR': 1, 'RBS': 1, 'ADM': 1, 'AHT': 1, 'CNA': 1, 'STAN': 1}",2010-02-28,0.7666666666666667,0.018633540372670808,0.2
28,"{'IHG': 1, 'III': 1, 'CRH': 1, 'PSON': 1, 'GSK': 1, 'MRO': 1, 'TSCO': 1, 'AZN': 1, 'WPP': 1, 'PRU': 1, 'VOD': 1, 'SVT': 1, 'RIO': 1, 'IAG': 1, 'CCL': 1, 'EVR': 1, 'RBS': 1, 'ADM': 1, 'AHT': 1, 'CNA': 1, 'STAN': 1}",2010-07-31,0.7904761904761904,0.024096385542168676,0.2
29,"{'IHG': 1, 'III': 1, 'CRH': 1, 'PSON': 0, 'GSK': 1, 'MRO': 1, 'TSCO': 1, 'AZN': 1, 'WPP': 1, 'PRU': 1, 'VOD': 1, 'SVT': 0, 'RIO': 1, 'IAG': 1, 'CCL': 1, 'EVR': 1, 'RBS': 1, 'ADM': 1, 'AHT': 1, 'CNA': 1, 'STAN': 1}",2010-12-31,0.5952380952380952,0.032,0.2
30,"{'IHG': 0, 'III': 1, 'CRH': 0, 'PSON': 0, 'GSK': 0, 'MRO': 0, 'TSCO': 0, 'AZN': 0, 'WPP': 0, 'PRU': 0, 'VOD': 0, 'SVT': 1, 'RIO': 0, 'IAG': 0, 'CCL': 0, 'EVR': 0, 'RBS': 0, 'ADM': 0, 'AHT': 0, 'CNA': 0, 'STAN': 0}",2011-05-31,0.6904761904761905,0.05517241379310345,0.2
31,"{'IHG': 1, 'III': 1, 'CRH': 1, 'PSON': 0, 'GSK': 1, 'MRO': 1, 'TSCO': 1, 'AZN': 1, 'WPP': 1, 'PRU': 1, 'VOD': 1, 'SVT': 1, 'RIO': 1, 'IAG': 1, 'CCL': 1, 'EVR': 1, 'RBS': 1, 'ADM': 1, 'AHT': 1, 'CNA': 1, 'STAN': 1}",2011-10-31,0.9095238095238095,0.010471204188481676,0.2
32,"{'IHG': 1, 'III': 1, 'CRH': 1, 'PSON': 1, 'GSK': 1, 'MRO': 1, 'TSCO': 1, 'AZN': 1, 'WPP': 1, 'PRU': 1, 'VOD': 1, 'SVT': 1, 'RIO': 1, 'IAG': 1, 'CCL': 1, 'EVR': 1, 'RBS': 1, 'ADM': 1, 'AHT': 1, 'CNA': 1, 'STAN': 1}",2012-03-31,0.6619047619047619,0.014388489208633094,0.2
33,"{'IHG': 1, 'III': 1, 'CRH': 1, 'PSON': 1, 'GSK': 1, 'MRO': 1, 'TSCO': 1, 'AZN': 1, 'WPP': 1, 'PRU': 1, 'VOD': 1, 'SVT': 1, 'RIO': 1, 'IAG': 1, 'CCL': 1, 'EVR': 1, 'RBS': 1, 'ADM': 1, 'AHT': 1, 'CNA': 1, 'STAN': 1}",2012-08-31,0.5619047619047619,0.03389830508474576,0.2
34,"{'IHG': 1, 'III': 1, 'CRH': 1, 'PSON': 1, 'GSK': 1, 'MRO': 1, 'TSCO': 1, 'AZN': 1, 'WPP': 1, 'PRU': 1, 'VOD': 1, 'SVT': 1, 'RIO': 1, 'IAG': 1, 'CCL': 1, 'EVR': 1, 'RBS': 1, 'ADM': 1, 'AHT': 1, 'CNA': 1, 'STAN': 1}",2013-01-31,0.6857142857142857,0.034722222222222224,0.2
35,"{'IHG': 1, 'III': 1, 'CRH': 1, 'PSON': 1, 'GSK': 1, 'MRO': 1, 'TSCO': 1, 'AZN': 1, 'WPP': 1, 'PRU': 1, 'VOD': 1, 'SVT': 1, 'RIO': 1, 'IAG': 1, 'CCL': 1, 'EVR': 1, 'RBS': 1, 'ADM': 1, 'AHT': 1, 'CNA': 1, 'STAN': 1}",2013-06-30,0.8333333333333334,0.02857142857142857,0.2
36,"{'IHG': 0, 'III': 0, 'CRH': 0, 'PSON': 0, 'GSK': 0, 'MRO': 0, 'TSCO': 0, 'AZN': 0, 'WPP': 0, 'PRU': 0, 'VOD': 0, 'SVT': 0, 'RIO': 0, 'IAG': 0, 'CCL': 0, 'EVR': 0, 'RBS': 0, 'ADM': 0, 'AHT': 0, 'CNA': 0, 'STAN': 0}",2013-11-30,0.5238095238095238,0.05454545454545454,0.2
37,"{'IHG': 0, 'III': 0, 'CRH': 0, 'PSON': 0, 'GSK': 0, 'MRO': 0, 'TSCO': 0, 'AZN': 1, 'WPP': 0, 'PRU': 0, 'VOD': 0, 'SVT': 1, 'RIO': 0, 'IAG': 0, 'CCL': 0, 'EVR': 0, 'RBS': 0, 'ADM': 0, 'AHT': 0, 'CNA': 0, 'STAN': 0}",2014-04-30,0.5619047619047619,0.06779661016949153,0.2
38,"{'IHG': 0, 'III': 0, 'CRH': 0, 'PSON': 0, 'GSK': 0, 'MRO': 0, 'TSCO': 0, 'AZN': 0, 'WPP': 0, 'PRU': 0, 'VOD': 0, 'SVT': 0, 'RIO': 0, 'IAG': 1, 'CCL': 0, 'EVR': 0, 'RBS': 0, 'ADM': 0, 'AHT': 0, 'CNA': 0, 'STAN': 0}",2014-09-30,0.6095238095238096,0.0625,0.2
39,"{'IHG': 1, 'III': 0, 'CRH': 0, 'PSON': 0, 'GSK': 0, 'MRO': 0, 'TSCO': 0, 'AZN': 0, 'WPP': 0, 'PRU': 0, 'VOD': 0, 'SVT': 1, 'RIO': 0, 'IAG': 1, 'CCL': 1, 'EVR': 0, 'RBS': 0, 'ADM': 0, 'AHT': 0, 'CNA': 0, 'STAN': 0}",2015-02-28,0.5571428571428572,0.06837606837606838,0.2
40,"{'IHG': 1, 'III': 1, 'CRH': 1, 'PSON': 1, 'GSK': 1, 'MRO': 1, 'TSCO': 1, 'AZN': 1, 'WPP': 1, 'PRU': 1, 'VOD': 1, 'SVT': 1, 'RIO': 1, 'IAG': 0, 'CCL': 1, 'EVR': 1, 'RBS': 1, 'ADM': 1, 'AHT': 1, 'CNA': 1, 'STAN': 1}",2015-07-31,0.719047619047619,0.019867549668874173,0.2
41,"{'IHG': 1, 'III': 1, 'CRH': 1, 'PSON': 1, 'GSK': 1, 'MRO': 1, 'TSCO': 1, 'AZN': 1, 'WPP': 1, 'PRU': 1, 'VOD': 1, 'SVT': 1, 'RIO': 1, 'IAG': 1, 'CCL': 1, 'EVR': 1, 'RBS': 1, 'ADM': 1, 'AHT': 1, 'CNA': 1, 'STAN': 1}",2015-12-31,0.8142857142857143,0.017543859649122806,0.2
42,"{'IHG': 0, 'III': 0, 'CRH': 0, 'PSON': 1, 'GSK': 0, 'MRO': 0, 'TSCO': 0, 'AZN': 0, 'WPP': 0, 'PRU': 0, 'VOD': 0, 'SVT': 0, 'RIO': 0, 'IAG': 1, 'CCL': 0, 'EVR': 0, 'RBS': 0, 'ADM': 0, 'AHT': 0, 'CNA': 0, 'STAN': 0}",2016-05-31,0.7666666666666667,0.018633540372670808,0.2
43,"{'IHG': 1, 'III': 1, 'CRH': 1, 'PSON': 1, 'GSK': 1, 'MRO': 1, 'TSCO': 1, 'AZN': 1, 'WPP': 1, 'PRU': 1, 'VOD': 1, 'SVT': 0, 'RIO': 1, 'IAG': 1, 'CCL': 1, 'EVR': 1, 'RBS': 1, 'ADM': 1, 'AHT': 1, 'CNA': 1, 'STAN': 1}",2016-10-31,0.49523809523809526,0.028846153846153848,0.2
44,"{'IHG': 1, 'III': 1, 'CRH': 1, 'PSON': 1, 'GSK': 1, 'MRO': 1, 'TSCO': 1, 'AZN': 1, 'WPP': 1, 'PRU': 1, 'VOD': 1, 'SVT': 1, 'RIO': 1, 'IAG': 1, 'CCL': 1, 'EVR': 1, 'RBS': 1, 'ADM': 1, 'AHT': 1, 'CNA': 1, 'STAN': 1}",2017-03-31,0.4523809523809524,0.08421052631578947,0.2
45,"{'IHG': 0, 'III': 0, 'CRH': 0, 'PSON': 1, 'GSK': 0, 'MRO': 0, 'TSCO': 0, 'AZN': 0, 'WPP': 0, 'PRU': 0, 'VOD': 0, 'SVT': 1, 'RIO': 0, 'IAG': 1, 'CCL': 0, 'EVR': 0, 'RBS': 0, 'ADM': 0, 'AHT': 0, 'CNA': 0, 'STAN': 0}",2017-08-31,0.5238095238095238,0.07272727272727272,0.2
46,"{'IHG': 1, 'III': 1, 'CRH': 1, 'PSON': 1, 'GSK': 1, 'MRO': 1, 'TSCO': 1, 'AZN': 1, 'WPP': 1, 'PRU': 1, 'VOD': 1, 'SVT': 1, 'RIO': 1, 'IAG': 0, 'CCL': 1, 'EVR': 1, 'RBS': 1, 'ADM': 1, 'AHT': 1, 'CNA': 1, 'STAN': 1}",2008-06-30,0.44285714285714284,0.03225806451612903,0.30000000000000004
47,"{'IHG': 0, 'III': 0, 'CRH': 0, 'PSON': 0, 'GSK': 0, 'MRO': 0, 'TSCO': 0, 'AZN': 0, 'WPP': 0, 'PRU': 0, 'VOD': 0, 'SVT': 0, 'RIO': 0, 'IAG': 0, 'CCL': 0, 'EVR': 0, 'RBS': 0, 'ADM': 0, 'AHT': 0, 'CNA': 0, 'STAN': 0}",2008-11-30,0.7619047619047619,0.00625,0.30000000000000004
48,"{'IHG': 1, 'III': 1, 'CRH': 1, 'PSON': 1, 'GSK': 1, 'MRO': 1, 'TSCO': 1, 'AZN': 1, 'WPP': 1, 'PRU': 1, 'VOD': 1, 'SVT': 1, 'RIO': 1, 'IAG': 1, 'CCL': 1, 'EVR': 1, 'RBS': 1, 'ADM': 1, 'AHT': 1, 'CNA': 1, 'STAN': 1}",2009-04-30,0.5238095238095238,0.00909090909090909,0.30000000000000004
49,"{'IHG': 1, 'III': 1, 'CRH': 1, 'PSON': 0, 'GSK': 1, 'MRO': 1, 'TSCO': 1, 'AZN': 1, 'WPP': 1, 'PRU': 1, 'VOD': 1, 'SVT': 0, 'RIO': 1, 'IAG': 1, 'CCL': 1, 'EVR': 1, 'RBS': 1, 'ADM': 1, 'AHT': 1, 'CNA': 1, 'STAN': 1}",2009-09-30,0.5095238095238095,0.009345794392523364,0.30000000000000004
50,"{'IHG': 1, 'III': 1, 'CRH': 1, 'PSON': 1, 'GSK': 1, 'MRO': 1, 'TSCO': 1, 'AZN': 1, 'WPP': 1, 'PRU': 1, 'VOD': 0, 'SVT': 1, 'RIO': 1, 'IAG': 1, 'CCL': 1, 'EVR': 1, 'RBS': 1, 'ADM': 1, 'AHT': 1, 'CNA': 1, 'STAN': 1}",2010-02-28,0.6095238095238096,0.0078125,0.30000000000000004
51,"{'IHG': 0, 'III': 0, 'CRH': 0, 'PSON': 1, 'GSK': 0, 'MRO': 0, 'TSCO': 0, 'AZN': 0, 'WPP': 0, 'PRU': 0, 'VOD': 0, 'SVT': 0, 'RIO': 0, 'IAG': 0, 'CCL': 0, 'EVR': 0, 'RBS': 0, 'ADM': 0, 'AHT': 0, 'CNA': 0, 'STAN': 0}",2010-07-31,0.6761904761904762,0.007042253521126761,0.30000000000000004
52,"{'IHG': 0, 'III': 1, 'CRH': 0, 'PSON': 1, 'GSK': 0, 'MRO': 0, 'TSCO': 0, 'AZN': 0, 'WPP': 0, 'PRU': 0, 'VOD': 0, 'SVT': 1, 'RIO': 0, 'IAG': 1, 'CCL': 0, 'EVR': 1, 'RBS': 0, 'ADM': 0, 'AHT': 0, 'CNA': 0, 'STAN': 0}",2010-12-31,0.4666666666666667,0.01020408163265306,0.30000000000000004
53,"{'IHG': 0, 'III': 1, 'CRH': 0, 'PSON': 0, 'GSK': 0, 'MRO': 0, 'TSCO': 0, 'AZN': 0, 'WPP': 0, 'PRU': 0, 'VOD': 0, 'SVT': 1, 'RIO': 0, 'IAG': 0, 'CCL': 0, 'EVR': 0, 'RBS': 0, 'ADM': 0, 'AHT': 0, 'CNA': 0, 'STAN': 0}",2011-05-31,0.5190476190476191,0.01834862385321101,0.30000000000000004
54,"{'IHG': 1, 'III': 1, 'CRH': 1, 'PSON': 0, 'GSK': 1, 'MRO': 1, 'TSCO': 1, 'AZN': 1, 'WPP': 1, 'PRU': 1, 'VOD': 1, 'SVT': 1, 'RIO': 1, 'IAG': 1, 'CCL': 1, 'EVR': 1, 'RBS': 1, 'ADM': 1, 'AHT': 1, 'CNA': 1, 'STAN': 1}",2011-10-31,0.8285714285714286,0.0,0.30000000000000004
55,"{'IHG': 1, 'III': 1, 'CRH': 1, 'PSON': 1, 'GSK': 1, 'MRO': 1, 'TSCO': 1, 'AZN': 1, 'WPP': 1, 'PRU': 1, 'VOD': 1, 'SVT': 0, 'RIO': 1, 'IAG': 1, 'CCL': 1, 'EVR': 1, 'RBS': 1, 'ADM': 1, 'AHT': 1, 'CNA': 1, 'STAN': 1}",2012-03-31,0.5619047619047619,0.0,0.30000000000000004
56,"{'IHG': 0, 'III': 0, 'CRH': 0, 'PSON': 1, 'GSK': 0, 'MRO': 0, 'TSCO': 0, 'AZN': 0, 'WPP': 0, 'PRU': 0, 'VOD': 0, 'SVT': 1, 'RIO': 0, 'IAG': 0, 'CCL': 0, 'EVR': 0, 'RBS': 0, 'ADM': 0, 'AHT': 0, 'CNA': 0, 'STAN': 0}",2012-08-31,0.38095238095238093,0.0,0.30000000000000004
57,"{'IHG': 0, 'III': 0, 'CRH': 0, 'PSON': 0, 'GSK': 0, 'MRO': 0, 'TSCO': 0, 'AZN': 0, 'WPP': 0, 'PRU': 0, 'VOD': 0, 'SVT': 0, 'RIO': 0, 'IAG': 0, 'CCL': 0, 'EVR': 0, 'RBS': 0, 'ADM': 0, 'AHT': 0, 'CNA': 0, 'STAN': 0}",2013-01-31,0.5285714285714286,0.0,0.30000000000000004
58,"{'IHG': 1, 'III': 1, 'CRH': 1, 'PSON': 1, 'GSK': 1, 'MRO': 1, 'TSCO': 1, 'AZN': 1, 'WPP': 1, 'PRU': 1, 'VOD': 1, 'SVT': 1, 'RIO': 1, 'IAG': 1, 'CCL': 1, 'EVR': 1, 'RBS': 1, 'ADM': 1, 'AHT': 1, 'CNA': 1, 'STAN': 1}",2013-06-30,0.719047619047619,0.0,0.30000000000000004
59,"{'IHG': 1, 'III': 1, 'CRH': 1, 'PSON': 1, 'GSK': 1, 'MRO': 1, 'TSCO': 1, 'AZN': 1, 'WPP': 1, 'PRU': 1, 'VOD': 1, 'SVT': 1, 'RIO': 1, 'IAG': 1, 'CCL': 1, 'EVR': 1, 'RBS': 1, 'ADM': 1, 'AHT': 1, 'CNA': 1, 'STAN': 1}",2013-11-30,0.34285714285714286,0.0,0.30000000000000004
60,"{'IHG': 1, 'III': 1, 'CRH': 1, 'PSON': 1, 'GSK': 1, 'MRO': 1, 'TSCO': 1, 'AZN': 0, 'WPP': 1, 'PRU': 1, 'VOD': 1, 'SVT': 1, 'RIO': 1, 'IAG': 1, 'CCL': 1, 'EVR': 1, 'RBS': 1, 'ADM': 0, 'AHT': 1, 'CNA': 1, 'STAN': 1}",2014-04-30,0.3904761904761905,0.0,0.30000000000000004
61,"{'IHG': 0, 'III': 0, 'CRH': 0, 'PSON': 0, 'GSK': 0, 'MRO': 0, 'TSCO': 0, 'AZN': 0, 'WPP': 0, 'PRU': 0, 'VOD': 0, 'SVT': 1, 'RIO': 0, 'IAG': 0, 'CCL': 0, 'EVR': 0, 'RBS': 0, 'ADM': 0, 'AHT': 0, 'CNA': 0, 'STAN': 0}",2014-09-30,0.4095238095238095,0.0,0.30000000000000004
62,"{'IHG': 1, 'III': 1, 'CRH': 1, 'PSON': 1, 'GSK': 1, 'MRO': 1, 'TSCO': 1, 'AZN': 1, 'WPP': 1, 'PRU': 0, 'VOD': 1, 'SVT': 1, 'RIO': 1, 'IAG': 0, 'CCL': 1, 'EVR': 1, 'RBS': 1, 'ADM': 1, 'AHT': 1, 'CNA': 1, 'STAN': 1}",2015-02-28,0.35714285714285715,0.0,0.30000000000000004
63,"{'IHG': 1, 'III': 1, 'CRH': 1, 'PSON': 1, 'GSK': 1, 'MRO': 1, 'TSCO': 1, 'AZN': 1, 'WPP': 1, 'PRU': 1, 'VOD': 1, 'SVT': 1, 'RIO': 1, 'IAG': 1, 'CCL': 1, 'EVR': 1, 'RBS': 1, 'ADM': 1, 'AHT': 1, 'CNA': 1, 'STAN': 1}",2015-07-31,0.5904761904761905,0.0,0.30000000000000004
64,"{'IHG': 0, 'III': 0, 'CRH': 0, 'PSON': 0, 'GSK': 0, 'MRO': 0, 'TSCO': 0, 'AZN': 0, 'WPP': 0, 'PRU': 0, 'VOD': 0, 'SVT': 0, 'RIO': 0, 'IAG': 0, 'CCL': 0, 'EVR': 0, 'RBS': 0, 'ADM': 0, 'AHT': 0, 'CNA': 0, 'STAN': 0}",2015-12-31,0.7095238095238096,0.0,0.30000000000000004
65,"{'IHG': 1, 'III': 1, 'CRH': 1, 'PSON': 0, 'GSK': 1, 'MRO': 1, 'TSCO': 1, 'AZN': 1, 'WPP': 1, 'PRU': 1, 'VOD': 1, 'SVT': 1, 'RIO': 1, 'IAG': 0, 'CCL': 1, 'EVR': 1, 'RBS': 1, 'ADM': 1, 'AHT': 1, 'CNA': 1, 'STAN': 1}",2016-05-31,0.6238095238095238,0.0,0.30000000000000004
66,"{'IHG': 0, 'III': 0, 'CRH': 0, 'PSON': 0, 'GSK': 0, 'MRO': 0, 'TSCO': 0, 'AZN': 0, 'WPP': 0, 'PRU': 1, 'VOD': 0, 'SVT': 1, 'RIO': 0, 'IAG': 0, 'CCL': 0, 'EVR': 0, 'RBS': 1, 'ADM': 0, 'AHT': 0, 'CNA': 0, 'STAN': 0}",2016-10-31,0.2904761904761905,0.0,0.30000000000000004
67,"{'IHG': 1, 'III': 1, 'CRH': 1, 'PSON': 0, 'GSK': 1, 'MRO': 1, 'TSCO': 1, 'AZN': 1, 'WPP': 1, 'PRU': 1, 'VOD': 1, 'SVT': 1, 'RIO': 1, 'IAG': 1, 'CCL': 1, 'EVR': 1, 'RBS': 1, 'ADM': 1, 'AHT': 1, 'CNA': 1, 'STAN': 1}",2017-03-31,0.30952380952380953,0.0,0.30000000000000004
68,"{'IHG': 1, 'III': 1, 'CRH': 1, 'PSON': 0, 'GSK': 1, 'MRO': 1, 'TSCO': 1, 'AZN': 1, 'WPP': 1, 'PRU': 1, 'VOD': 1, 'SVT': 0, 'RIO': 1, 'IAG': 1, 'CCL': 1, 'EVR': 1, 'RBS': 1, 'ADM': 1, 'AHT': 1, 'CNA': 1, 'STAN': 0}",2017-08-31,0.3333333333333333,0.0,0.30000000000000004
69,"{'IHG': 1, 'III': 1, 'CRH': 1, 'PSON': 1, 'GSK': 1, 'MRO': 1, 'TSCO': 1, 'AZN': 1, 'WPP': 1, 'PRU': 1, 'VOD': 1, 'SVT': 1, 'RIO': 1, 'IAG': 1, 'CCL': 1, 'EVR': 1, 'RBS': 1, 'ADM': 1, 'AHT': 1, 'CNA': 1, 'STAN': 1}",2008-06-30,0.2904761904761905,0.0,0.4
70,"{'IHG': 0, 'III': 1, 'CRH': 0, 'PSON': 0, 'GSK': 0, 'MRO': 0, 'TSCO': 0, 'AZN': 0, 'WPP': 0, 'PRU': 0, 'VOD': 0, 'SVT': 0, 'RIO': 0, 'IAG': 0, 'CCL': 0, 'EVR': 0, 'RBS': 0, 'ADM': 0, 'AHT': 0, 'CNA': 0, 'STAN': 0}",2008-11-30,0.6571428571428571,0.0,0.4
71,"{'IHG': 1, 'III': 0, 'CRH': 1, 'PSON': 1, 'GSK': 1, 'MRO': 1, 'TSCO': 1, 'AZN': 1, 'WPP': 1, 'PRU': 1, 'VOD': 1, 'SVT': 1, 'RIO': 1, 'IAG': 1, 'CCL': 1, 'EVR': 1, 'RBS': 1, 'ADM': 1, 'AHT': 1, 'CNA': 1, 'STAN': 1}",2009-04-30,0.38571428571428573,0.0,0.4
72,"{'IHG': 0, 'III': 0, 'CRH': 0, 'PSON': 1, 'GSK': 0, 'MRO': 0, 'TSCO': 0, 'AZN': 0, 'WPP': 0, 'PRU': 0, 'VOD': 0, 'SVT': 1, 'RIO': 0, 'IAG': 0, 'CCL': 0, 'EVR': 0, 'RBS': 0, 'ADM': 0, 'AHT': 0, 'CNA': 0, 'STAN': 0}",2009-09-30,0.3761904761904762,0.0,0.4
73,"{'IHG': 1, 'III': 1, 'CRH': 1, 'PSON': 0, 'GSK': 1, 'MRO': 1, 'TSCO': 1, 'AZN': 1, 'WPP': 1, 'PRU': 1, 'VOD': 1, 'SVT': 1, 'RIO': 1, 'IAG': 1, 'CCL': 1, 'EVR': 1, 'RBS': 1, 'ADM': 1, 'AHT': 1, 'CNA': 1, 'STAN': 1}",2010-02-28,0.44761904761904764,0.0,0.4
74,"{'IHG': 1, 'III': 1, 'CRH': 1, 'PSON': 1, 'GSK': 1, 'MRO': 1, 'TSCO': 1, 'AZN': 1, 'WPP': 1, 'PRU': 1, 'VOD': 1, 'SVT': 1, 'RIO': 1, 'IAG': 1, 'CCL': 1, 'EVR': 1, 'RBS': 1, 'ADM': 1, 'AHT': 1, 'CNA': 1, 'STAN': 1}",2010-07-31,0.5476190476190477,0.0,0.4
75,"{'IHG': 1, 'III': 0, 'CRH': 1, 'PSON': 0, 'GSK': 1, 'MRO': 1, 'TSCO': 1, 'AZN': 1, 'WPP': 1, 'PRU': 1, 'VOD': 1, 'SVT': 0, 'RIO': 1, 'IAG': 1, 'CCL': 1, 'EVR': 1, 'RBS': 1, 'ADM': 1, 'AHT': 1, 'CNA': 1, 'STAN': 1}",2010-12-31,0.35714285714285715,0.0,0.4
76,"{'IHG': 1, 'III': 0, 'CRH': 1, 'PSON': 1, 'GSK': 1, 'MRO': 1, 'TSCO': 1, 'AZN': 1, 'WPP': 1, 'PRU': 1, 'VOD': 1, 'SVT': 0, 'RIO': 1, 'IAG': 1, 'CCL': 1, 'EVR': 1, 'RBS': 1, 'ADM': 1, 'AHT': 1, 'CNA': 1, 'STAN': 1}",2011-05-31,0.34285714285714286,0.0,0.4
77,"{'IHG': 1, 'III': 1, 'CRH': 1, 'PSON': 1, 'GSK': 1, 'MRO': 1, 'TSCO': 1, 'AZN': 1, 'WPP': 1, 'PRU': 1, 'VOD': 1, 'SVT': 1, 'RIO': 1, 'IAG': 1, 'CCL': 1, 'EVR': 1, 'RBS': 1, 'ADM': 1, 'AHT': 1, 'CNA': 1, 'STAN': 1}",2011-10-31,0.7380952380952381,0.0,0.4
78,"{'IHG': 1, 'III': 1, 'CRH': 1, 'PSON': 1, 'GSK': 1, 'MRO': 1, 'TSCO': 1, 'AZN': 1, 'WPP': 1, 'PRU': 1, 'VOD': 1, 'SVT': 1, 'RIO': 1, 'IAG': 1, 'CCL': 1, 'EVR': 1, 'RBS': 1, 'ADM': 1, 'AHT': 1, 'CNA': 1, 'STAN': 1}",2012-03-31,0.4666666666666667,0.0,0.4
79,"{'IHG': 0, 'III': 0, 'CRH': 0, 'PSON': 1, 'GSK': 0, 'MRO': 0, 'TSCO': 0, 'AZN': 0, 'WPP': 0, 'PRU': 0, 'VOD': 0, 'SVT': 0, 'RIO': 0, 'IAG': 0, 'CCL': 0, 'EVR': 0, 'RBS': 0, 'ADM': 0, 'AHT': 0, 'CNA': 0, 'STAN': 0}",2012-08-31,0.22380952380952382,0.0,0.4
80,"{'IHG': 0, 'III': 0, 'CRH': 0, 'PSON': 0, 'GSK': 0, 'MRO': 0, 'TSCO': 0, 'AZN': 0, 'WPP': 0, 'PRU': 0, 'VOD': 0, 'SVT': 1, 'RIO': 0, 'IAG': 0, 'CCL': 0, 'EVR': 0, 'RBS': 0, 'ADM': 0, 'AHT': 0, 'CNA': 0, 'STAN': 0}",2013-01-31,0.34285714285714286,0.0,0.4
81,"{'IHG': 0, 'III': 0, 'CRH': 0, 'PSON': 0, 'GSK': 0, 'MRO': 0, 'TSCO': 0, 'AZN': 0, 'WPP': 0, 'PRU': 0, 'VOD': 0, 'SVT': 0, 'RIO': 0, 'IAG': 0, 'CCL': 0, 'EVR': 0, 'RBS': 0, 'ADM': 0, 'AHT': 0, 'CNA': 0, 'STAN': 0}",2013-06-30,0.5761904761904761,0.0,0.4
82,"{'IHG': 1, 'III': 0, 'CRH': 1, 'PSON': 0, 'GSK': 1, 'MRO': 1, 'TSCO': 1, 'AZN': 1, 'WPP': 1, 'PRU': 0, 'VOD': 1, 'SVT': 1, 'RIO': 1, 'IAG': 1, 'CCL': 1, 'EVR': 1, 'RBS': 1, 'ADM': 1, 'AHT': 1, 'CNA': 1, 'STAN': 1}",2013-11-30,0.16666666666666666,0.0,0.4
83,"{'IHG': 1, 'III': 1, 'CRH': 1, 'PSON': 1, 'GSK': 1, 'MRO': 1, 'TSCO': 1, 'AZN': 0, 'WPP': 1, 'PRU': 1, 'VOD': 1, 'SVT': 0, 'RIO': 1, 'IAG': 1, 'CCL': 1, 'EVR': 1, 'RBS': 1, 'ADM': 1, 'AHT': 1, 'CNA': 1, 'STAN': 1}",2014-04-30,0.2761904761904762,0.0,0.4
84,"{'IHG': 0, 'III': 0, 'CRH': 0, 'PSON': 1, 'GSK': 0, 'MRO': 0, 'TSCO': 0, 'AZN': 0, 'WPP': 0, 'PRU': 0, 'VOD': 0, 'SVT': 0, 'RIO': 0, 'IAG': 0, 'CCL': 0, 'EVR': 0, 'RBS': 0, 'ADM': 0, 'AHT': 0, 'CNA': 0, 'STAN': 1}",2014-09-30,0.2619047619047619,0.0,0.4
85,"{'IHG': 1, 'III': 1, 'CRH': 1, 'PSON': 1, 'GSK': 1, 'MRO': 1, 'TSCO': 1, 'AZN': 1, 'WPP': 1, 'PRU': 0, 'VOD': 1, 'SVT': 1, 'RIO': 1, 'IAG': 0, 'CCL': 1, 'EVR': 1, 'RBS': 1, 'ADM': 1, 'AHT': 1, 'CNA': 1, 'STAN': 1}",2015-02-28,0.23333333333333334,0.0,0.4
86,"{'IHG': 1, 'III': 0, 'CRH': 1, 'PSON': 0, 'GSK': 1, 'MRO': 1, 'TSCO': 1, 'AZN': 1, 'WPP': 1, 'PRU': 1, 'VOD': 1, 'SVT': 1, 'RIO': 1, 'IAG': 0, 'CCL': 1, 'EVR': 1, 'RBS': 1, 'ADM': 1, 'AHT': 1, 'CNA': 1, 'STAN': 1}",2015-07-31,0.43333333333333335,0.0,0.4
87,"{'IHG': 1, 'III': 0, 'CRH': 1, 'PSON': 1, 'GSK': 1, 'MRO': 1, 'TSCO': 1, 'AZN': 1, 'WPP': 1, 'PRU': 1, 'VOD': 1, 'SVT': 1, 'RIO': 1, 'IAG': 1, 'CCL': 1, 'EVR': 1, 'RBS': 1, 'ADM': 1, 'AHT': 1, 'CNA': 1, 'STAN': 1}",2015-12-31,0.5904761904761905,0.0,0.4
88,"{'IHG': 1, 'III': 1, 'CRH': 1, 'PSON': 0, 'GSK': 1, 'MRO': 1, 'TSCO': 1, 'AZN': 1, 'WPP': 1, 'PRU': 1, 'VOD': 1, 'SVT': 1, 'RIO': 1, 'IAG': 1, 'CCL': 1, 'EVR': 1, 'RBS': 1, 'ADM': 1, 'AHT': 1, 'CNA': 1, 'STAN': 1}",2016-05-31,0.4380952380952381,0.0,0.4
89,"{'IHG': 0, 'III': 0, 'CRH': 0, 'PSON': 0, 'GSK': 0, 'MRO': 0, 'TSCO': 0, 'AZN': 0, 'WPP': 0, 'PRU': 1, 'VOD': 0, 'SVT': 1, 'RIO': 0, 'IAG': 0, 'CCL': 0, 'EVR': 0, 'RBS': 1, 'ADM': 0, 'AHT': 0, 'CNA': 0, 'STAN': 0}",2016-10-31,0.15714285714285714,0.0,0.4
90,"{'IHG': 0, 'III': 0, 'CRH': 0, 'PSON': 1, 'GSK': 0, 'MRO': 0, 'TSCO': 0, 'AZN': 0, 'WPP': 0, 'PRU': 0, 'VOD': 0, 'SVT': 0, 'RIO': 0, 'IAG': 0, 'CCL': 0, 'EVR': 0, 'RBS': 0, 'ADM': 0, 'AHT': 0, 'CNA': 0, 'STAN': 0}",2017-03-31,0.17142857142857143,0.0,0.4
91,"{'IHG': 0, 'III': 1, 'CRH': 0, 'PSON': 0, 'GSK': 0, 'MRO': 1, 'TSCO': 0, 'AZN': 0, 'WPP': 0, 'PRU': 0, 'VOD': 0, 'SVT': 1, 'RIO': 0, 'IAG': 0, 'CCL': 0, 'EVR': 0, 'RBS': 0, 'ADM': 0, 'AHT': 0, 'CNA': 0, 'STAN': 1}",2017-08-31,0.20952380952380953,0.0,0.4
92,"{'IHG': 0, 'III': 0, 'CRH': 0, 'PSON': 0, 'GSK': 0, 'MRO': 1, 'TSCO': 0, 'AZN': 0, 'WPP': 0, 'PRU': 0, 'VOD': 0, 'SVT': 0, 'RIO': 0, 'IAG': 1, 'CCL': 0, 'EVR': 0, 'RBS': 0, 'ADM': 0, 'AHT': 0, 'CNA': 0, 'STAN': 0}",2008-06-30,0.19047619047619047,0.0,0.5
93,"{'IHG': 0, 'III': 0, 'CRH': 0, 'PSON': 0, 'GSK': 0, 'MRO': 0, 'TSCO': 0, 'AZN': 0, 'WPP': 0, 'PRU': 0, 'VOD': 0, 'SVT': 0, 'RIO': 0, 'IAG': 0, 'CCL': 0, 'EVR': 0, 'RBS': 0, 'ADM': 0, 'AHT': 0, 'CNA': 0, 'STAN': 0}",2008-11-30,0.5142857142857142,0.0,0.5
94,"{'IHG': 0, 'III': 1, 'CRH': 0, 'PSON': 0, 'GSK': 0, 'MRO': 0, 'TSCO': 1, 'AZN': 0, 'WPP': 0, 'PRU': 0, 'VOD': 0, 'SVT': 0, 'RIO': 0, 'IAG': 0, 'CCL': 0, 'EVR': 0, 'RBS': 0, 'ADM': 0, 'AHT': 0, 'CNA': 0, 'STAN': 0}",2009-04-30,0.2619047619047619,0.0,0.5
95,"{'IHG': 1, 'III': 0, 'CRH': 1, 'PSON': 1, 'GSK': 1, 'MRO': 1, 'TSCO': 1, 'AZN': 1, 'WPP': 1, 'PRU': 1, 'VOD': 1, 'SVT': 1, 'RIO': 1, 'IAG': 1, 'CCL': 1, 'EVR': 1, 'RBS': 1, 'ADM': 1, 'AHT': 1, 'CNA': 1, 'STAN': 1}",2009-09-30,0.20476190476190476,0.0,0.5
96,"{'IHG': 1, 'III': 1, 'CRH': 1, 'PSON': 1, 'GSK': 1, 'MRO': 1, 'TSCO': 1, 'AZN': 1, 'WPP': 1, 'PRU': 1, 'VOD': 1, 'SVT': 1, 'RIO': 1, 'IAG': 1, 'CCL': 1, 'EVR': 1, 'RBS': 1, 'ADM': 1, 'AHT': 1, 'CNA': 1, 'STAN': 1}",2010-02-28,0.3,0.0,0.5
97,"{'IHG': 1, 'III': 0, 'CRH': 1, 'PSON': 1, 'GSK': 1, 'MRO': 1, 'TSCO': 1, 'AZN': 1, 'WPP': 1, 'PRU': 1, 'VOD': 1, 'SVT': 1, 'RIO': 1, 'IAG': 1, 'CCL': 1, 'EVR': 1, 'RBS': 1, 'ADM': 1, 'AHT': 1, 'CNA': 1, 'STAN': 1}",2010-07-31,0.3904761904761905,0.0,0.5
98,"{'IHG': 1, 'III': 1, 'CRH': 1, 'PSON': 0, 'GSK': 1, 'MRO': 1, 'TSCO': 1, 'AZN': 1, 'WPP': 1, 'PRU': 1, 'VOD': 1, 'SVT': 1, 'RIO': 1, 'IAG': 1, 'CCL': 1, 'EVR': 1, 'RBS': 1, 'ADM': 1, 'AHT': 1, 'CNA': 1, 'STAN': 0}",2010-12-31,0.22857142857142856,0.0,0.5
99,"{'IHG': 0, 'III': 0, 'CRH': 0, 'PSON': 1, 'GSK': 0, 'MRO': 0, 'TSCO': 0, 'AZN': 0, 'WPP': 0, 'PRU': 0, 'VOD': 0, 'SVT': 1, 'RIO': 0, 'IAG': 0, 'CCL': 1, 'EVR': 1, 'RBS': 0, 'ADM': 0, 'AHT': 0, 'CNA': 0, 'STAN': 0}",2011-05-31,0.1761904761904762,0.0,0.5
100,"{'IHG': 1, 'III': 1, 'CRH': 1, 'PSON': 1, 'GSK': 1, 'MRO': 1, 'TSCO': 1, 'AZN': 1, 'WPP': 1, 'PRU': 1, 'VOD': 1, 'SVT': 1, 'RIO': 1, 'IAG': 1, 'CCL': 1, 'EVR': 1, 'RBS': 1, 'ADM': 1, 'AHT': 1, 'CNA': 1, 'STAN': 1}",2011-10-31,0.6428571428571429,0.0,0.5
101,"{'IHG': 1, 'III': 1, 'CRH': 1, 'PSON': 1, 'GSK': 1, 'MRO': 1, 'TSCO': 1, 'AZN': 1, 'WPP': 1, 'PRU': 1, 'VOD': 1, 'SVT': 0, 'RIO': 1, 'IAG': 1, 'CCL': 1, 'EVR': 1, 'RBS': 1, 'ADM': 1, 'AHT': 1, 'CNA': 1, 'STAN': 1}",2012-03-31,0.3761904761904762,0.0,0.5
102,"{'IHG': 0, 'III': 0, 'CRH': 1, 'PSON': 0, 'GSK': 1, 'MRO': 1, 'TSCO': 1, 'AZN': 1, 'WPP': 1, 'PRU': 0, 'VOD': 1, 'SVT': 0, 'RIO': 1, 'IAG': 1, 'CCL': 1, 'EVR': 1, 'RBS': 1, 'ADM': 1, 'AHT': 0, 'CNA': 1, 'STAN': 1}",2012-08-31,0.11904761904761904,0.0,0.5
103,"{'IHG': 0, 'III': 0, 'CRH': 0, 'PSON': 0, 'GSK': 0, 'MRO': 0, 'TSCO': 0, 'AZN': 0, 'WPP': 0, 'PRU': 0, 'VOD': 0, 'SVT': 0, 'RIO': 0, 'IAG': 1, 'CCL': 0, 'EVR': 0, 'RBS': 0, 'ADM': 0, 'AHT': 0, 'CNA': 0, 'STAN': 0}",2013-01-31,0.1523809523809524,0.0,0.5
104,"{'IHG': 1, 'III': 1, 'CRH': 1, 'PSON': 1, 'GSK': 1, 'MRO': 1, 'TSCO': 1, 'AZN': 1, 'WPP': 1, 'PRU': 1, 'VOD': 1, 'SVT': 1, 'RIO': 1, 'IAG': 1, 'CCL': 1, 'EVR': 1, 'RBS': 1, 'ADM': 1, 'AHT': 1, 'CNA': 1, 'STAN': 1}",2013-06-30,0.40476190476190477,0.0,0.5
105,"{'IHG': 0, 'III': 0, 'CRH': 0, 'PSON': 1, 'GSK': 0, 'MRO': 0, 'TSCO': 0, 'AZN': 0, 'WPP': 0, 'PRU': 0, 'VOD': 0, 'SVT': 1, 'RIO': 0, 'IAG': 0, 'CCL': 0, 'EVR': 0, 'RBS': 0, 'ADM': 0, 'AHT': 1, 'CNA': 0, 'STAN': 1}",2013-11-30,0.08571428571428572,0.0,0.5
106,"{'IHG': 0, 'III': 0, 'CRH': 0, 'PSON': 0, 'GSK': 0, 'MRO': 0, 'TSCO': 0, 'AZN': 1, 'WPP': 0, 'PRU': 0, 'VOD': 0, 'SVT': 0, 'RIO': 0, 'IAG': 1, 'CCL': 0, 'EVR': 0, 'RBS': 0, 'ADM': 0, 'AHT': 0, 'CNA': 0, 'STAN': 1}",2014-04-30,0.17142857142857143,0.0,0.5
107,"{'IHG': 1, 'III': 1, 'CRH': 1, 'PSON': 0, 'GSK': 1, 'MRO': 1, 'TSCO': 1, 'AZN': 1, 'WPP': 1, 'PRU': 1, 'VOD': 1, 'SVT': 0, 'RIO': 1, 'IAG': 1, 'CCL': 1, 'EVR': 1, 'RBS': 1, 'ADM': 1, 'AHT': 1, 'CNA': 1, 'STAN': 1}",2014-09-30,0.11428571428571428,0.0,0.5
108,"{'IHG': 1, 'III': 1, 'CRH': 1, 'PSON': 0, 'GSK': 1, 'MRO': 1, 'TSCO': 1, 'AZN': 1, 'WPP': 1, 'PRU': 0, 'VOD': 1, 'SVT': 1, 'RIO': 1, 'IAG': 0, 'CCL': 1, 'EVR': 1, 'RBS': 1, 'ADM': 1, 'AHT': 1, 'CNA': 1, 'STAN': 1}",2015-02-28,0.12380952380952381,0.0,0.5
109,"{'IHG': 0, 'III': 1, 'CRH': 0, 'PSON': 1, 'GSK': 0, 'MRO': 0, 'TSCO': 0, 'AZN': 0, 'WPP': 0, 'PRU': 0, 'VOD': 0, 'SVT': 0, 'RIO': 0, 'IAG': 1, 'CCL': 0, 'EVR': 0, 'RBS': 0, 'ADM': 1, 'AHT': 0, 'CNA': 0, 'STAN': 1}",2015-07-31,0.3,0.0,0.5
110,"{'IHG': 1, 'III': 1, 'CRH': 1, 'PSON': 0, 'GSK': 1, 'MRO': 1, 'TSCO': 1, 'AZN': 1, 'WPP': 1, 'PRU': 1, 'VOD': 1, 'SVT': 1, 'RIO': 1, 'IAG': 1, 'CCL': 1, 'EVR': 1, 'RBS': 1, 'ADM': 1, 'AHT': 1, 'CNA': 1, 'STAN': 1}",2015-12-31,0.42857142857142855,0.0,0.5
111,"{'IHG': 0, 'III': 0, 'CRH': 0, 'PSON': 1, 'GSK': 0, 'MRO': 0, 'TSCO': 0, 'AZN': 0, 'WPP': 0, 'PRU': 0, 'VOD': 0, 'SVT': 0, 'RIO': 0, 'IAG': 0, 'CCL': 0, 'EVR': 0, 'RBS': 0, 'ADM': 0, 'AHT': 0, 'CNA': 0, 'STAN': 0}",2016-05-31,0.2714285714285714,0.0,0.5
112,"{'IHG': 1, 'III': 0, 'CRH': 0, 'PSON': 1, 'GSK': 1, 'MRO': 0, 'TSCO': 1, 'AZN': 0, 'WPP': 1, 'PRU': 1, 'VOD': 0, 'SVT': 1, 'RIO': 0, 'IAG': 0, 'CCL': 1, 'EVR': 1, 'RBS': 0, 'ADM': 0, 'AHT': 0, 'CNA': 1, 'STAN': 0}",2016-10-31,0.05238095238095238,0.0,0.5
113,"{'IHG': 0, 'III': 0, 'CRH': 0, 'PSON': 1, 'GSK': 0, 'MRO': 1, 'TSCO': 0, 'AZN': 0, 'WPP': 0, 'PRU': 0, 'VOD': 1, 'SVT': 1, 'RIO': 0, 'IAG': 1, 'CCL': 0, 'EVR': 0, 'RBS': 0, 'ADM': 0, 'AHT': 1, 'CNA': 0, 'STAN': 0}",2017-03-31,0.06666666666666667,0.0,0.5
114,"{'IHG': 1, 'III': 1, 'CRH': 1, 'PSON': 1, 'GSK': 1, 'MRO': 0, 'TSCO': 1, 'AZN': 1, 'WPP': 0, 'PRU': 1, 'VOD': 1, 'SVT': 0, 'RIO': 1, 'IAG': 1, 'CCL': 1, 'EVR': 1, 'RBS': 1, 'ADM': 1, 'AHT': 1, 'CNA': 1, 'STAN': 0}",2017-08-31,0.1,0.0,0.5
115,"{'IHG': 0, 'III': 1, 'CRH': 0, 'PSON': 1, 'GSK': 1, 'MRO': 0, 'TSCO': 0, 'AZN': 1, 'WPP': 1, 'PRU': 0, 'VOD': 1, 'SVT': 0, 'RIO': 1, 'IAG': 1, 'CCL': 0, 'EVR': 0, 'RBS': 0, 'ADM': 0, 'AHT': 0, 'CNA': 0, 'STAN': 1}",2008-06-30,0.12380952380952381,0.0,0.6
116,"{'IHG': 1, 'III': 0, 'CRH': 1, 'PSON': 1, 'GSK': 1, 'MRO': 1, 'TSCO': 1, 'AZN': 1, 'WPP': 1, 'PRU': 1, 'VOD': 1, 'SVT': 1, 'RIO': 1, 'IAG': 1, 'CCL': 1, 'EVR': 1, 'RBS': 1, 'ADM': 1, 'AHT': 1, 'CNA': 1, 'STAN': 1}",2008-11-30,0.3476190476190476,0.0,0.6
117,"{'IHG': 1, 'III': 0, 'CRH': 1, 'PSON': 1, 'GSK': 1, 'MRO': 1, 'TSCO': 0, 'AZN': 1, 'WPP': 1, 'PRU': 1, 'VOD': 1, 'SVT': 0, 'RIO': 1, 'IAG': 1, 'CCL': 1, 'EVR': 1, 'RBS': 1, 'ADM': 1, 'AHT': 1, 'CNA': 1, 'STAN': 0}",2009-04-30,0.14761904761904762,0.0,0.6
118,"{'IHG': 1, 'III': 0, 'CRH': 1, 'PSON': 0, 'GSK': 0, 'MRO': 1, 'TSCO': 1, 'AZN': 0, 'WPP': 1, 'PRU': 1, 'VOD': 1, 'SVT': 1, 'RIO': 1, 'IAG': 0, 'CCL': 1, 'EVR': 0, 'RBS': 1, 'ADM': 1, 'AHT': 1, 'CNA': 1, 'STAN': 0}",2009-09-30,0.11428571428571428,0.0,0.6
119,"{'IHG': 0, 'III': 0, 'CRH': 0, 'PSON': 0, 'GSK': 0, 'MRO': 0, 'TSCO': 0, 'AZN': 0, 'WPP': 0, 'PRU': 0, 'VOD': 0, 'SVT': 0, 'RIO': 0, 'IAG': 0, 'CCL': 0, 'EVR': 0, 'RBS': 0, 'ADM': 0, 'AHT': 0, 'CNA': 1, 'STAN': 0}",2010-02-28,0.16666666666666666,0.0,0.6
120,"{'IHG': 1, 'III': 0, 'CRH': 1, 'PSON': 1, 'GSK': 1, 'MRO': 1, 'TSCO': 1, 'AZN': 1, 'WPP': 1, 'PRU': 1, 'VOD': 1, 'SVT': 0, 'RIO': 1, 'IAG': 1, 'CCL': 1, 'EVR': 1, 'RBS': 1, 'ADM': 1, 'AHT': 1, 'CNA': 1, 'STAN': 1}",2010-07-31,0.2761904761904762,0.0,0.6
121,"{'IHG': 0, 'III': 0, 'CRH': 0, 'PSON': 0, 'GSK': 1, 'MRO': 0, 'TSCO': 0, 'AZN': 1, 'WPP': 0, 'PRU': 0, 'VOD': 1, 'SVT': 0, 'RIO': 0, 'IAG': 1, 'CCL': 0, 'EVR': 1, 'RBS': 0, 'ADM': 0, 'AHT': 0, 'CNA': 0, 'STAN': 0}",2010-12-31,0.10476190476190476,0.0,0.6
122,"{'IHG': 1, 'III': 1, 'CRH': 1, 'PSON': 1, 'GSK': 1, 'MRO': 1, 'TSCO': 1, 'AZN': 1, 'WPP': 1, 'PRU': 1, 'VOD': 0, 'SVT': 1, 'RIO': 1, 'IAG': 0, 'CCL': 1, 'EVR': 0, 'RBS': 1, 'ADM': 1, 'AHT': 1, 'CNA': 1, 'STAN': 0}",2011-05-31,0.1,0.0,0.6
123,"{'IHG': 0, 'III': 1, 'CRH': 0, 'PSON': 0, 'GSK': 0, 'MRO': 0, 'TSCO': 0, 'AZN': 0, 'WPP': 0, 'PRU': 0, 'VOD': 0, 'SVT': 0, 'RIO': 0, 'IAG': 0, 'CCL': 0, 'EVR': 0, 'RBS': 0, 'ADM': 0, 'AHT': 0, 'CNA': 0, 'STAN': 0}",2011-10-31,0.4857142857142857,0.0,0.6
124,"{'IHG': 1, 'III': 0, 'CRH': 1, 'PSON': 1, 'GSK': 1, 'MRO': 1, 'TSCO': 1, 'AZN': 1, 'WPP': 1, 'PRU': 1, 'VOD': 1, 'SVT': 0, 'RIO': 1, 'IAG': 1, 'CCL': 1, 'EVR': 1, 'RBS': 1, 'ADM': 1, 'AHT': 1, 'CNA': 1, 'STAN': 1}",2012-03-31,0.22380952380952382,0.0,0.6
125,"{'IHG': 0, 'III': 1, 'CRH': 0, 'PSON': 0, 'GSK': 1, 'MRO': 1, 'TSCO': 0, 'AZN': 1, 'WPP': 1, 'PRU': 1, 'VOD': 0, 'SVT': 1, 'RIO': 1, 'IAG': 1, 'CCL': 0, 'EVR': 1, 'RBS': 1, 'ADM': 0, 'AHT': 1, 'CNA': 0, 'STAN': 1}",2012-08-31,0.047619047619047616,0.0,0.6
126,"{'IHG': 0, 'III': 0, 'CRH': 0, 'PSON': 0, 'GSK': 0, 'MRO': 0, 'TSCO': 1, 'AZN': 1, 'WPP': 0, 'PRU': 0, 'VOD': 0, 'SVT': 0, 'RIO': 0, 'IAG': 0, 'CCL': 0, 'EVR': 0, 'RBS': 1, 'ADM': 0, 'AHT': 0, 'CNA': 0, 'STAN': 1}",2013-01-31,0.05238095238095238,0.0,0.6
127,"{'IHG': 0, 'III': 0, 'CRH': 0, 'PSON': 0, 'GSK': 0, 'MRO': 0, 'TSCO': 0, 'AZN': 0, 'WPP': 0, 'PRU': 0, 'VOD': 0, 'SVT': 1, 'RIO': 0, 'IAG': 0, 'CCL': 0, 'EVR': 0, 'RBS': 0, 'ADM': 0, 'AHT': 0, 'CNA': 0, 'STAN': 1}",2013-06-30,0.1761904761904762,0.0,0.6
128,"{'IHG': 0, 'III': 0, 'CRH': 0, 'PSON': 0, 'GSK': 0, 'MRO': 1, 'TSCO': 0, 'AZN': 1, 'WPP': 0, 'PRU': 1, 'VOD': 0, 'SVT': 0, 'RIO': 1, 'IAG': 0, 'CCL': 1, 'EVR': 0, 'RBS': 0, 'ADM': 1, 'AHT': 0, 'CNA': 0, 'STAN': 1}",2013-11-30,0.02857142857142857,0.0,0.6
129,"{'IHG': 1, 'III': 1, 'CRH': 0, 'PSON': 1, 'GSK': 1, 'MRO': 1, 'TSCO': 1, 'AZN': 1, 'WPP': 1, 'PRU': 1, 'VOD': 1, 'SVT': 1, 'RIO': 1, 'IAG': 0, 'CCL': 1, 'EVR': 1, 'RBS': 1, 'ADM': 0, 'AHT': 0, 'CNA': 0, 'STAN': 0}",2014-04-30,0.08095238095238096,0.0,0.6
130,"{'IHG': 0, 'III': 1, 'CRH': 1, 'PSON': 1, 'GSK': 0, 'MRO': 1, 'TSCO': 1, 'AZN': 0, 'WPP': 1, 'PRU': 1, 'VOD': 1, 'SVT': 0, 'RIO': 1, 'IAG': 1, 'CCL': 1, 'EVR': 0, 'RBS': 0, 'ADM': 1, 'AHT': 1, 'CNA': 1, 'STAN': 1}",2014-09-30,0.05238095238095238,0.0,0.6
131,"{'IHG': 1, 'III': 0, 'CRH': 1, 'PSON': 0, 'GSK': 1, 'MRO': 0, 'TSCO': 1, 'AZN': 0, 'WPP': 0, 'PRU': 1, 'VOD': 0, 'SVT': 0, 'RIO': 0, 'IAG': 1, 'CCL': 1, 'EVR': 1, 'RBS': 1, 'ADM': 0, 'AHT': 1, 'CNA': 1, 'STAN': 0}",2015-02-28,0.04285714285714286,0.0,0.6
132,"{'IHG': 0, 'III': 1, 'CRH': 0, 'PSON': 1, 'GSK': 0, 'MRO': 0, 'TSCO': 0, 'AZN': 0, 'WPP': 0, 'PRU': 0, 'VOD': 0, 'SVT': 0, 'RIO': 0, 'IAG': 1, 'CCL': 0, 'EVR': 0, 'RBS': 0, 'ADM': 0, 'AHT': 1, 'CNA': 0, 'STAN': 1}",2015-07-31,0.18095238095238095,0.0,0.6
133,"{'IHG': 1, 'III': 1, 'CRH': 1, 'PSON': 1, 'GSK': 1, 'MRO': 1, 'TSCO': 1, 'AZN': 1, 'WPP': 1, 'PRU': 1, 'VOD': 1, 'SVT': 1, 'RIO': 1, 'IAG': 1, 'CCL': 1, 'EVR': 1, 'RBS': 1, 'ADM': 1, 'AHT': 1, 'CNA': 1, 'STAN': 1}",2015-12-31,0.2619047619047619,0.0,0.6
134,"{'IHG': 1, 'III': 0, 'CRH': 1, 'PSON': 0, 'GSK': 1, 'MRO': 0, 'TSCO': 1, 'AZN': 1, 'WPP': 1, 'PRU': 1, 'VOD': 1, 'SVT': 1, 'RIO': 0, 'IAG': 1, 'CCL': 0, 'EVR': 1, 'RBS': 1, 'ADM': 1, 'AHT': 1, 'CNA': 1, 'STAN': 1}",2016-05-31,0.12380952380952381,0.0,0.6
135,"{'IHG': 0, 'III': 0, 'CRH': 0, 'PSON': 0, 'GSK': 1, 'MRO': 1, 'TSCO': 0, 'AZN': 1, 'WPP': 0, 'PRU': 1, 'VOD': 0, 'SVT': 0, 'RIO': 1, 'IAG': 1, 'CCL': 0, 'EVR': 1, 'RBS': 1, 'ADM': 1, 'AHT': 0, 'CNA': 0, 'STAN': 1}",2016-10-31,0.023809523809523808,0.0,0.6
136,"{'IHG': 1, 'III': 1, 'CRH': 0, 'PSON': 0, 'GSK': 0, 'MRO': 1, 'TSCO': 1, 'AZN': 0, 'WPP': 1, 'PRU': 0, 'VOD': 1, 'SVT': 1, 'RIO': 0, 'IAG': 1, 'CCL': 0, 'EVR': 0, 'RBS': 1, 'ADM': 1, 'AHT': 0, 'CNA': 0, 'STAN': 1}",2017-03-31,0.05714285714285714,0.0,0.6
137,"{'IHG': 0, 'III': 0, 'CRH': 1, 'PSON': 1, 'GSK': 0, 'MRO': 1, 'TSCO': 0, 'AZN': 1, 'WPP': 0, 'PRU': 1, 'VOD': 0, 'SVT': 1, 'RIO': 1, 'IAG': 1, 'CCL': 0, 'EVR': 0, 'RBS': 0, 'ADM': 0, 'AHT': 0, 'CNA': 0, 'STAN': 0}",2017-08-31,0.0380952380952381,0.0,0.6
138,"{'IHG': 0, 'III': 1, 'CRH': 0, 'PSON': 1, 'GSK': 0, 'MRO': 0, 'TSCO': 0, 'AZN': 0, 'WPP': 0, 'PRU': 0, 'VOD': 1, 'SVT': 0, 'RIO': 1, 'IAG': 1, 'CCL': 0, 'EVR': 1, 'RBS': 0, 'ADM': 0, 'AHT': 0, 'CNA': 0, 'STAN': 1}",2008-06-30,0.05714285714285714,0.0,0.7000000000000001
139,"{'IHG': 1, 'III': 1, 'CRH': 1, 'PSON': 1, 'GSK': 1, 'MRO': 1, 'TSCO': 0, 'AZN': 1, 'WPP': 1, 'PRU': 1, 'VOD': 1, 'SVT': 1, 'RIO': 1, 'IAG': 1, 'CCL': 1, 'EVR': 1, 'RBS': 0, 'ADM': 1, 'AHT': 0, 'CNA': 1, 'STAN': 1}",2008-11-30,0.12380952380952381,0.0,0.7000000000000001
140,"{'IHG': 0, 'III': 1, 'CRH': 0, 'PSON': 1, 'GSK': 1, 'MRO': 0, 'TSCO': 0, 'AZN': 0, 'WPP': 0, 'PRU': 0, 'VOD': 0, 'SVT': 0, 'RIO': 0, 'IAG': 0, 'CCL': 0, 'EVR': 0, 'RBS': 0, 'ADM': 0, 'AHT': 1, 'CNA': 0, 'STAN': 0}",2009-04-30,0.06190476190476191,0.0,0.7000000000000001
141,"{'IHG': 0, 'III': 1, 'CRH': 0, 'PSON': 1, 'GSK': 0, 'MRO': 0, 'TSCO': 0, 'AZN': 0, 'WPP': 0, 'PRU': 0, 'VOD': 0, 'SVT': 0, 'RIO': 0, 'IAG': 0, 'CCL': 0, 'EVR': 0, 'RBS': 0, 'ADM': 0, 'AHT': 0, 'CNA': 0, 'STAN': 0}",2009-09-30,0.05714285714285714,0.0,0.7000000000000001
142,"{'IHG': 1, 'III': 1, 'CRH': 1, 'PSON': 1, 'GSK': 0, 'MRO': 1, 'TSCO': 1, 'AZN': 0, 'WPP': 1, 'PRU': 1, 'VOD': 0, 'SVT': 0, 'RIO': 1, 'IAG': 1, 'CCL': 1, 'EVR': 0, 'RBS': 1, 'ADM': 1, 'AHT': 1, 'CNA': 0, 'STAN': 0}",2010-02-28,0.07142857142857142,0.0,0.7000000000000001
143,"{'IHG': 0, 'III': 0, 'CRH': 1, 'PSON': 1, 'GSK': 1, 'MRO': 0, 'TSCO': 0, 'AZN': 0, 'WPP': 0, 'PRU': 0, 'VOD': 0, 'SVT': 1, 'RIO': 0, 'IAG': 0, 'CCL': 0, 'EVR': 1, 'RBS': 0, 'ADM': 0, 'AHT': 0, 'CNA': 0, 'STAN': 0}",2010-07-31,0.11904761904761904,0.0,0.7000000000000001
144,"{'IHG': 1, 'III': 1, 'CRH': 1, 'PSON': 0, 'GSK': 1, 'MRO': 1, 'TSCO': 0, 'AZN': 1, 'WPP': 1, 'PRU': 0, 'VOD': 1, 'SVT': 1, 'RIO': 1, 'IAG': 0, 'CCL': 0, 'EVR': 1, 'RBS': 0, 'ADM': 0, 'AHT': 1, 'CNA': 0, 'STAN': 0}",2010-12-31,0.02857142857142857,0.0,0.7000000000000001
145,"{'IHG': 1, 'III': 1, 'CRH': 1, 'PSON': 1, 'GSK': 1, 'MRO': 0, 'TSCO': 1, 'AZN': 1, 'WPP': 1, 'PRU': 1, 'VOD': 0, 'SVT': 1, 'RIO': 0, 'IAG': 0, 'CCL': 1, 'EVR': 0, 'RBS': 1, 'ADM': 1, 'AHT': 0, 'CNA': 1, 'STAN': 1}",2011-05-31,0.02857142857142857,0.0,0.7000000000000001
146,"{'IHG': 0, 'III': 0, 'CRH': 0, 'PSON': 0, 'GSK': 1, 'MRO': 0, 'TSCO': 1, 'AZN': 0, 'WPP': 0, 'PRU': 0, 'VOD': 0, 'SVT': 1, 'RIO': 0, 'IAG': 1, 'CCL': 0, 'EVR': 0, 'RBS': 0, 'ADM': 0, 'AHT': 0, 'CNA': 0, 'STAN': 0}",2011-10-31,0.30952380952380953,0.0,0.7000000000000001
147,"{'IHG': 0, 'III': 0, 'CRH': 0, 'PSON': 1, 'GSK': 0, 'MRO': 0, 'TSCO': 0, 'AZN': 0, 'WPP': 0, 'PRU': 0, 'VOD': 1, 'SVT': 1, 'RIO': 0, 'IAG': 1, 'CCL': 0, 'EVR': 0, 'RBS': 1, 'ADM': 0, 'AHT': 1, 'CNA': 0, 'STAN': 0}",2012-03-31,0.0761904761904762,0.0,0.7000000000000001
148,"{'IHG': 0, 'III': 1, 'CRH': 1, 'PSON': 1, 'GSK': 0, 'MRO': 1, 'TSCO': 0, 'AZN': 0, 'WPP': 1, 'PRU': 1, 'VOD': 1, 'SVT': 0, 'RIO': 1, 'IAG': 0, 'CCL': 0, 'EVR': 1, 'RBS': 1, 'ADM': 0, 'AHT': 1, 'CNA': 1, 'STAN': 0}",2012-08-31,0.023809523809523808,0.0,0.7000000000000001
149,"{'IHG': 1, 'III': 0, 'CRH': 1, 'PSON': 1, 'GSK': 0, 'MRO': 1, 'TSCO': 1, 'AZN': 0, 'WPP': 1, 'PRU': 1, 'VOD': 1, 'SVT': 0, 'RIO': 1, 'IAG': 1, 'CCL': 1, 'EVR': 1, 'RBS': 0, 'ADM': 0, 'AHT': 1, 'CNA': 0, 'STAN': 1}",2013-01-31,0.009523809523809525,0.0,0.7000000000000001
150,"{'IHG': 1, 'III': 1, 'CRH': 1, 'PSON': 1, 'GSK': 1, 'MRO': 1, 'TSCO': 0, 'AZN': 1, 'WPP': 1, 'PRU': 1, 'VOD': 0, 'SVT': 1, 'RIO': 1, 'IAG': 0, 'CCL': 1, 'EVR': 1, 'RBS': 0, 'ADM': 1, 'AHT': 0, 'CNA': 0, 'STAN': 0}",2013-06-30,0.06190476190476191,0.0,0.7000000000000001
151,"{'IHG': 1, 'III': 0, 'CRH': 0, 'PSON': 0, 'GSK': 0, 'MRO': 0, 'TSCO': 0, 'AZN': 0, 'WPP': 0, 'PRU': 1, 'VOD': 0, 'SVT': 1, 'RIO': 1, 'IAG': 0, 'CCL': 0, 'EVR': 0, 'RBS': 1, 'ADM': 0, 'AHT': 0, 'CNA': 0, 'STAN': 1}",2013-11-30,0.004761904761904762,0.0,0.7000000000000001
152,"{'IHG': 1, 'III': 0, 'CRH': 0, 'PSON': 1, 'GSK': 1, 'MRO': 1, 'TSCO': 1, 'AZN': 1, 'WPP': 1, 'PRU': 1, 'VOD': 1, 'SVT': 1, 'RIO': 0, 'IAG': 1, 'CCL': 1, 'EVR': 1, 'RBS': 1, 'ADM': 0, 'AHT': 1, 'CNA': 0, 'STAN': 1}",2014-04-30,0.02857142857142857,0.0,0.7000000000000001
153,"{'IHG': 1, 'III': 0, 'CRH': 1, 'PSON': 0, 'GSK': 0, 'MRO': 1, 'TSCO': 1, 'AZN': 0, 'WPP': 1, 'PRU': 0, 'VOD': 0, 'SVT': 1, 'RIO': 1, 'IAG': 1, 'CCL': 0, 'EVR': 1, 'RBS': 0, 'ADM': 1, 'AHT': 1, 'CNA': 1, 'STAN': 0}",2014-09-30,0.014285714285714285,0.0,0.7000000000000001
154,"{'IHG': 1, 'III': 1, 'CRH': 0, 'PSON': 1, 'GSK': 0, 'MRO': 1, 'TSCO': 1, 'AZN': 1, 'WPP': 0, 'PRU': 0, 'VOD': 0, 'SVT': 1, 'RIO': 1, 'IAG': 1, 'CCL': 1, 'EVR': 0, 'RBS': 1, 'ADM': 1, 'AHT': 1, 'CNA': 1, 'STAN': 0}",2015-02-28,0.004761904761904762,0.0,0.7000000000000001
155,"{'IHG': 1, 'III': 1, 'CRH': 1, 'PSON': 1, 'GSK': 1, 'MRO': 1, 'TSCO': 0, 'AZN': 1, 'WPP': 1, 'PRU': 1, 'VOD': 1, 'SVT': 1, 'RIO': 1, 'IAG': 1, 'CCL': 1, 'EVR': 1, 'RBS': 1, 'ADM': 0, 'AHT': 0, 'CNA': 1, 'STAN': 0}",2015-07-31,0.05714285714285714,0.0,0.7000000000000001
156,"{'IHG': 0, 'III': 1, 'CRH': 0, 'PSON': 1, 'GSK': 0, 'MRO': 1, 'TSCO': 1, 'AZN': 0, 'WPP': 0, 'PRU': 0, 'VOD': 0, 'SVT': 1, 'RIO': 0, 'IAG': 0, 'CCL': 0, 'EVR': 0, 'RBS': 0, 'ADM': 0, 'AHT': 1, 'CNA': 0, 'STAN': 0}",2015-12-31,0.1523809523809524,0.0,0.7000000000000001
157,"{'IHG': 1, 'III': 1, 'CRH': 0, 'PSON': 0, 'GSK': 1, 'MRO': 0, 'TSCO': 1, 'AZN': 1, 'WPP': 1, 'PRU': 1, 'VOD': 1, 'SVT': 0, 'RIO': 0, 'IAG': 0, 'CCL': 0, 'EVR': 1, 'RBS': 1, 'ADM': 1, 'AHT': 1, 'CNA': 0, 'STAN': 0}",2016-05-31,0.0380952380952381,0.0,0.7000000000000001
158,"{'IHG': 1, 'III': 1, 'CRH': 0, 'PSON': 0, 'GSK': 1, 'MRO': 1, 'TSCO': 0, 'AZN': 1, 'WPP': 0, 'PRU': 0, 'VOD': 1, 'SVT': 1, 'RIO': 1, 'IAG': 0, 'CCL': 0, 'EVR': 0, 'RBS': 1, 'ADM': 1, 'AHT': 0, 'CNA': 0, 'STAN': 1}",2017-03-31,0.009523809523809525,0.0,0.7000000000000001
159,"{'IHG': 1, 'III': 0, 'CRH': 0, 'PSON': 1, 'GSK': 0, 'MRO': 1, 'TSCO': 0, 'AZN': 1, 'WPP': 0, 'PRU': 1, 'VOD': 1, 'SVT': 0, 'RIO': 1, 'IAG': 0, 'CCL': 1, 'EVR': 1, 'RBS': 1, 'ADM': 0, 'AHT': 0, 'CNA': 1, 'STAN': 0}",2017-08-31,0.014285714285714285,0.0,0.7000000000000001
160,"{'IHG': 1, 'III': 1, 'CRH': 1, 'PSON': 0, 'GSK': 0, 'MRO': 1, 'TSCO': 0, 'AZN': 0, 'WPP': 1, 'PRU': 0, 'VOD': 0, 'SVT': 0, 'RIO': 1, 'IAG': 0, 'CCL': 1, 'EVR': 1, 'RBS': 1, 'ADM': 1, 'AHT': 0, 'CNA': 1, 'STAN': 0}",2008-11-30,0.023809523809523808,0.0,0.8
161,"{'IHG': 1, 'III': 0, 'CRH': 0, 'PSON': 0, 'GSK': 0, 'MRO': 1, 'TSCO': 1, 'AZN': 1, 'WPP': 1, 'PRU': 0, 'VOD': 1, 'SVT': 1, 'RIO': 1, 'IAG': 1, 'CCL': 1, 'EVR': 1, 'RBS': 0, 'ADM': 0, 'AHT': 0, 'CNA': 0, 'STAN': 0}",2009-04-30,0.009523809523809525,0.0,0.8
162,"{'IHG': 0, 'III': 1, 'CRH': 0, 'PSON': 0, 'GSK': 0, 'MRO': 0, 'TSCO': 0, 'AZN': 1, 'WPP': 1, 'PRU': 0, 'VOD': 0, 'SVT': 0, 'RIO': 0, 'IAG': 1, 'CCL': 1, 'EVR': 0, 'RBS': 0, 'ADM': 0, 'AHT': 1, 'CNA': 0, 'STAN': 1}",2009-09-30,0.014285714285714285,0.0,0.8
163,"{'IHG': 0, 'III': 1, 'CRH': 0, 'PSON': 1, 'GSK': 1, 'MRO': 0, 'TSCO': 1, 'AZN': 0, 'WPP': 1, 'PRU': 0, 'VOD': 0, 'SVT': 0, 'RIO': 0, 'IAG': 0, 'CCL': 1, 'EVR': 0, 'RBS': 0, 'ADM': 0, 'AHT': 0, 'CNA': 0, 'STAN': 0}",2010-02-28,0.01904761904761905,0.0,0.8
164,"{'IHG': 0, 'III': 1, 'CRH': 0, 'PSON': 0, 'GSK': 1, 'MRO': 0, 'TSCO': 1, 'AZN': 1, 'WPP': 0, 'PRU': 0, 'VOD': 0, 'SVT': 0, 'RIO': 0, 'IAG': 1, 'CCL': 1, 'EVR': 0, 'RBS': 0, 'ADM': 1, 'AHT': 1, 'CNA': 0, 'STAN': 0}",2010-07-31,0.02857142857142857,0.0,0.8
165,"{'IHG': 0, 'III': 0, 'CRH': 0, 'PSON': 1, 'GSK': 0, 'MRO': 0, 'TSCO': 1, 'AZN': 1, 'WPP': 0, 'PRU': 1, 'VOD': 0, 'SVT': 1, 'RIO': 0, 'IAG': 0, 'CCL': 1, 'EVR': 1, 'RBS': 1, 'ADM': 1, 'AHT': 1, 'CNA': 1, 'STAN': 1}",2010-12-31,0.004761904761904762,0.0,0.8
166,"{'IHG': 1, 'III': 1, 'CRH': 0, 'PSON': 0, 'GSK': 1, 'MRO': 1, 'TSCO': 0, 'AZN': 0, 'WPP': 1, 'PRU': 0, 'VOD': 0, 'SVT': 1, 'RIO': 0, 'IAG': 0, 'CCL': 1, 'EVR': 0, 'RBS': 0, 'ADM': 1, 'AHT': 0, 'CNA': 0, 'STAN': 1}",2011-05-31,0.009523809523809525,0.0,0.8
167,"{'IHG': 1, 'III': 0, 'CRH': 1, 'PSON': 0, 'GSK': 1, 'MRO': 1, 'TSCO': 1, 'AZN': 1, 'WPP': 1, 'PRU': 1, 'VOD': 1, 'SVT': 1, 'RIO': 1, 'IAG': 1, 'CCL': 1, 'EVR': 1, 'RBS': 1, 'ADM': 1, 'AHT': 1, 'CNA': 1, 'STAN': 1}",2011-10-31,0.14285714285714285,0.0,0.8
168,"{'IHG': 0, 'III': 0, 'CRH': 0, 'PSON': 0, 'GSK': 1, 'MRO': 1, 'TSCO': 1, 'AZN': 1, 'WPP': 0, 'PRU': 1, 'VOD': 1, 'SVT': 1, 'RIO': 1, 'IAG': 1, 'CCL': 0, 'EVR': 1, 'RBS': 0, 'ADM': 0, 'AHT': 1, 'CNA': 1, 'STAN': 1}",2012-03-31,0.014285714285714285,0.0,0.8
169,"{'IHG': 0, 'III': 0, 'CRH': 1, 'PSON': 0, 'GSK': 1, 'MRO': 1, 'TSCO': 0, 'AZN': 1, 'WPP': 0, 'PRU': 0, 'VOD': 0, 'SVT': 0, 'RIO': 1, 'IAG': 1, 'CCL': 0, 'EVR': 0, 'RBS': 0, 'ADM': 1, 'AHT': 0, 'CNA': 1, 'STAN': 0}",2013-06-30,0.01904761904761905,0.0,0.8
170,"{'IHG': 0, 'III': 1, 'CRH': 1, 'PSON': 0, 'GSK': 0, 'MRO': 1, 'TSCO': 0, 'AZN': 1, 'WPP': 0, 'PRU': 0, 'VOD': 0, 'SVT': 1, 'RIO': 1, 'IAG': 1, 'CCL': 0, 'EVR': 0, 'RBS': 0, 'ADM': 0, 'AHT': 1, 'CNA': 1, 'STAN': 0}",2014-04-30,0.009523809523809525,0.0,0.8
171,"{'IHG': 0, 'III': 0, 'CRH': 0, 'PSON': 0, 'GSK': 0, 'MRO': 0, 'TSCO': 1, 'AZN': 0, 'WPP': 0, 'PRU': 0, 'VOD': 1, 'SVT': 0, 'RIO': 1, 'IAG': 0, 'CCL': 1, 'EVR': 1, 'RBS': 1, 'ADM': 1, 'AHT': 1, 'CNA': 1, 'STAN': 0}",2015-07-31,0.014285714285714285,0.0,0.8
172,"{'IHG': 0, 'III': 1, 'CRH': 0, 'PSON': 1, 'GSK': 0, 'MRO': 0, 'TSCO': 1, 'AZN': 0, 'WPP': 0, 'PRU': 0, 'VOD': 0, 'SVT': 0, 'RIO': 0, 'IAG': 1, 'CCL': 1, 'EVR': 0, 'RBS': 0, 'ADM': 0, 'AHT': 0, 'CNA': 0, 'STAN': 1}",2015-12-31,0.01904761904761905,0.0,0.8
173,"{'IHG': 1, 'III': 0, 'CRH': 1, 'PSON': 1, 'GSK': 1, 'MRO': 1, 'TSCO': 1, 'AZN': 1, 'WPP': 1, 'PRU': 1, 'VOD': 1, 'SVT': 1, 'RIO': 0, 'IAG': 1, 'CCL': 0, 'EVR': 0, 'RBS': 0, 'ADM': 1, 'AHT': 1, 'CNA': 1, 'STAN': 1}",2016-05-31,0.004761904761904762,0.0,0.8
174,"{'IHG': 1, 'III': 1, 'CRH': 0, 'PSON': 0, 'GSK': 1, 'MRO': 1, 'TSCO': 0, 'AZN': 0, 'WPP': 0, 'PRU': 0, 'VOD': 1, 'SVT': 0, 'RIO': 1, 'IAG': 0, 'CCL': 0, 'EVR': 0, 'RBS': 0, 'ADM': 0, 'AHT': 1, 'CNA': 1, 'STAN': 1}",2017-03-31,0.004761904761904762,0.0,0.8
